gene,bin,cds_start,cds_end,cluster,benign_fraction,vus_fraction,pathogenic_fraction,spliceai_ge_0_20_fraction,mean_spliceai,near_boundary_fraction,pvs1_fraction,pp3_fraction,bs3_fraction,bp1_fraction
BRCA2,1,1,85,1,0.2791,0.6783,0.0426,0.0349,0.0354,0.3837,0.0388,0.0349,0.0155,0.2636
BRCA2,2,86,170,2,0.5725,0.3647,0.0627,0.0353,0.0293,0.0000,0.0627,0.0235,0.0157,0.5569
BRCA2,3,171,256,2,0.9535,0.0000,0.0465,0.0039,0.0052,0.0000,0.0465,0.0000,0.0039,0.9535
BRCA2,4,257,341,5,0.8706,0.0706,0.0588,0.0314,0.0443,0.2588,0.0588,0.0235,0.0039,0.8706
BRCA2,5,342,427,5,0.9302,0.0426,0.0271,0.0310,0.0300,0.1628,0.0271,0.0310,0.0000,0.9302
BRCA2,6,428,512,5,0.8824,0.0784,0.0392,0.0706,0.0521,0.4471,0.0392,0.0627,0.0078,0.8784
BRCA2,7,513,598,5,0.6434,0.3101,0.0465,0.1202,0.1112,0.1628,0.0465,0.0969,0.0078,0.6395
BRCA2,8,599,683,5,0.8039,0.1804,0.0157,0.0824,0.0720,0.4235,0.0157,0.0784,0.0039,0.8039
BRCA2,9,684,769,2,0.8992,0.0698,0.0310,0.0388,0.0400,0.0930,0.0310,0.0349,0.0039,0.8992
BRCA2,10,770,854,5,0.9216,0.0196,0.0588,0.0157,0.0095,0.2588,0.0588,0.0157,0.0078,0.9216
BRCA2,11,855,940,2,0.9302,0.0116,0.0581,0.0078,0.0063,0.0000,0.0581,0.0078,0.0000,0.9264
BRCA2,12,941,1025,2,0.9412,0.0078,0.0510,0.0078,0.0054,0.0000,0.0510,0.0078,0.0078,0.9412
BRCA2,13,1026,1111,2,0.9380,0.0000,0.0620,0.0000,0.0003,0.0000,0.0620,0.0000,0.0000,0.9380
BRCA2,14,1112,1196,2,0.9490,0.0000,0.0510,0.0039,0.0022,0.0000,0.0510,0.0000,0.0000,0.9451
BRCA2,15,1197,1282,2,0.9380,0.0039,0.0581,0.0039,0.0013,0.0000,0.0581,0.0039,0.0000,0.9380
BRCA2,16,1283,1367,2,0.9412,0.0000,0.0588,0.0000,0.0004,0.0000,0.0588,0.0000,0.0078,0.9373
BRCA2,17,1368,1453,2,0.9457,0.0039,0.0504,0.0000,0.0008,0.0000,0.0504,0.0000,0.0039,0.9457
BRCA2,18,1454,1538,2,0.9412,0.0078,0.0510,0.0078,0.0037,0.0000,0.0510,0.0078,0.0000,0.9412
BRCA2,19,1539,1624,2,0.9496,0.0116,0.0388,0.0000,0.0024,0.0000,0.0388,0.0000,0.0000,0.9496
BRCA2,20,1625,1709,2,0.9412,0.0000,0.0588,0.0000,0.0013,0.0000,0.0588,0.0000,0.0000,0.9412
BRCA2,21,1710,1794,2,0.9373,0.0157,0.0471,0.0118,0.0164,0.0000,0.0471,0.0118,0.0235,0.9333
BRCA2,22,1795,1880,2,0.9264,0.0039,0.0698,0.0039,0.0020,0.0000,0.0698,0.0039,0.0078,0.9264
BRCA2,23,1881,1965,5,0.9176,0.0314,0.0510,0.0196,0.0185,0.2588,0.0510,0.0196,0.0039,0.9176
BRCA2,24,1966,2051,2,0.9651,0.0000,0.0349,0.0039,0.0028,0.0000,0.0349,0.0000,0.0000,0.9651
BRCA2,25,2052,2136,2,0.9255,0.0078,0.0667,0.0000,0.0052,0.0000,0.0667,0.0000,0.0000,0.9255
BRCA2,26,2137,2222,2,0.9419,0.0000,0.0581,0.0000,0.0038,0.0000,0.0581,0.0000,0.0000,0.9419
BRCA2,27,2223,2307,2,0.9412,0.0000,0.0588,0.0000,0.0001,0.0000,0.0588,0.0000,0.0039,0.9373
BRCA2,28,2308,2393,2,0.9380,0.0000,0.0620,0.0000,0.0038,0.0000,0.0620,0.0000,0.0000,0.9380
BRCA2,29,2394,2478,2,0.9412,0.0000,0.0588,0.0000,0.0047,0.0000,0.0588,0.0000,0.0000,0.9412
BRCA2,30,2479,2564,2,0.9302,0.0000,0.0698,0.0000,0.0000,0.0000,0.0698,0.0000,0.0039,0.9302
BRCA2,31,2565,2649,2,0.9490,0.0000,0.0510,0.0000,0.0000,0.0000,0.0510,0.0000,0.0039,0.9490
BRCA2,32,2650,2735,2,0.9574,0.0000,0.0426,0.0000,0.0002,0.0000,0.0426,0.0000,0.0000,0.9574
BRCA2,33,2736,2820,2,0.9529,0.0000,0.0471,0.0000,0.0018,0.0000,0.0471,0.0000,0.0039,0.9529
BRCA2,34,2821,2906,2,0.9457,0.0000,0.0543,0.0000,0.0000,0.0000,0.0543,0.0000,0.0000,0.9457
BRCA2,35,2907,2991,2,0.9373,0.0000,0.0627,0.0000,0.0000,0.0000,0.0627,0.0000,0.0078,0.9333
BRCA2,36,2992,3077,2,0.9535,0.0000,0.0465,0.0000,0.0000,0.0000,0.0465,0.0000,0.0039,0.9535
BRCA2,37,3078,3162,2,0.9451,0.0000,0.0549,0.0000,0.0001,0.0000,0.0549,0.0000,0.0000,0.9451
BRCA2,38,3163,3248,2,0.9535,0.0000,0.0465,0.0000,0.0000,0.0000,0.0465,0.0000,0.0039,0.9535
BRCA2,39,3249,3333,2,0.9529,0.0000,0.0471,0.0000,0.0000,0.0000,0.0471,0.0000,0.0000,0.9529
BRCA2,40,3334,3419,2,0.9294,0.0000,0.0706,0.0000,0.0000,0.0000,0.0706,0.0000,0.0039,0.9255
BRCA2,41,3420,3504,2,0.9612,0.0000,0.0388,0.0000,0.0000,0.0000,0.0388,0.0000,0.0039,0.9612
BRCA2,42,3505,3589,2,0.9608,0.0000,0.0392,0.0000,0.0022,0.0000,0.0392,0.0000,0.0039,0.9608
BRCA2,43,3590,3675,2,0.9574,0.0000,0.0426,0.0000,0.0000,0.0000,0.0426,0.0000,0.0039,0.9574
BRCA2,44,3676,3760,2,0.9686,0.0000,0.0314,0.0000,0.0000,0.0000,0.0314,0.0000,0.0000,0.9686
BRCA2,45,3761,3846,3,0.9574,0.0000,0.0426,0.0000,0.0001,0.0000,0.0426,0.0000,0.0000,0.9535
BRCA2,46,3847,3931,3,0.9529,0.0000,0.0471,0.0000,0.0003,0.0000,0.0471,0.0000,0.0000,0.9529
BRCA2,47,3932,4017,3,0.9496,0.0000,0.0504,0.0000,0.0000,0.0000,0.0504,0.0000,0.0039,0.9496
BRCA2,48,4018,4102,2,0.9529,0.0000,0.0471,0.0000,0.0001,0.0000,0.0471,0.0000,0.0000,0.9490
BRCA2,49,4103,4188,2,0.9341,0.0000,0.0659,0.0000,0.0000,0.0000,0.0659,0.0000,0.0000,0.9341
BRCA2,50,4189,4273,2,0.9490,0.0000,0.0510,0.0000,0.0002,0.0000,0.0510,0.0000,0.0000,0.9451
BRCA2,51,4274,4359,2,0.9651,0.0000,0.0349,0.0000,0.0001,0.0000,0.0349,0.0000,0.0039,0.9651
BRCA2,52,4360,4444,2,0.9412,0.0000,0.0588,0.0000,0.0001,0.0000,0.0588,0.0000,0.0039,0.9412
BRCA2,53,4445,4530,2,0.9612,0.0000,0.0388,0.0000,0.0001,0.0000,0.0388,0.0000,0.0000,0.9612
BRCA2,54,4531,4615,2,0.9569,0.0000,0.0431,0.0000,0.0013,0.0000,0.0431,0.0000,0.0118,0.9529
BRCA2,55,4616,4701,2,0.9535,0.0000,0.0465,0.0000,0.0074,0.0000,0.0465,0.0000,0.0000,0.9535
BRCA2,56,4702,4786,2,0.9333,0.0000,0.0667,0.0000,0.0002,0.0000,0.0667,0.0000,0.0000,0.9333
BRCA2,57,4787,4872,2,0.9574,0.0000,0.0426,0.0000,0.0002,0.0000,0.0426,0.0000,0.0000,0.9574
BRCA2,58,4873,4957,2,0.9529,0.0000,0.0471,0.0000,0.0000,0.0000,0.0471,0.0000,0.0039,0.9529
BRCA2,59,4958,5043,2,0.9302,0.0000,0.0698,0.0000,0.0000,0.0000,0.0698,0.0000,0.0000,0.9302
BRCA2,60,5044,5128,2,0.9373,0.0000,0.0627,0.0000,0.0000,0.0000,0.0627,0.0000,0.0078,0.9373
BRCA2,61,5129,5213,2,0.9373,0.0000,0.0627,0.0000,0.0001,0.0000,0.0627,0.0000,0.0078,0.9333
BRCA2,62,5214,5299,2,0.9225,0.0000,0.0775,0.0000,0.0000,0.0000,0.0775,0.0000,0.0000,0.9225
BRCA2,63,5300,5384,2,0.9686,0.0000,0.0314,0.0000,0.0000,0.0000,0.0314,0.0000,0.0078,0.9686
BRCA2,64,5385,5470,2,0.9535,0.0000,0.0465,0.0000,0.0000,0.0000,0.0465,0.0000,0.0000,0.9535
BRCA2,65,5471,5555,2,0.9843,0.0000,0.0157,0.0000,0.0000,0.0000,0.0157,0.0000,0.0000,0.9843
BRCA2,66,5556,5641,2,0.9535,0.0000,0.0465,0.0000,0.0000,0.0000,0.0465,0.0000,0.0078,0.9535
BRCA2,67,5642,5726,2,0.9451,0.0000,0.0549,0.0000,0.0000,0.0000,0.0549,0.0000,0.0039,0.9451
BRCA2,68,5727,5812,2,0.9496,0.0000,0.0504,0.0000,0.0000,0.0000,0.0504,0.0000,0.0039,0.9457
BRCA2,69,5813,5897,2,0.9412,0.0000,0.0588,0.0000,0.0000,0.0000,0.0588,0.0000,0.0039,0.9412
BRCA2,70,5898,5983,2,0.9380,0.0000,0.0620,0.0000,0.0000,0.0000,0.0620,0.0000,0.0078,0.9380
BRCA2,71,5984,6068,2,0.9529,0.0000,0.0471,0.0000,0.0000,0.0000,0.0471,0.0000,0.0039,0.9529
BRCA2,72,6069,6154,2,0.9419,0.0000,0.0581,0.0000,0.0000,0.0000,0.0581,0.0000,0.0039,0.9380
BRCA2,73,6155,6239,2,0.9451,0.0000,0.0549,0.0000,0.0000,0.0000,0.0549,0.0000,0.0157,0.9451
BRCA2,74,6240,6325,2,0.9419,0.0000,0.0581,0.0000,0.0000,0.0000,0.0581,0.0000,0.0078,0.9419
BRCA2,75,6326,6410,2,0.9255,0.0000,0.0745,0.0000,0.0000,0.0000,0.0745,0.0000,0.0000,0.9216
BRCA2,76,6411,6496,2,0.9264,0.0194,0.0543,0.0116,0.0107,0.0000,0.0543,0.0116,0.0078,0.9264
BRCA2,77,6497,6581,2,0.9333,0.0000,0.0667,0.0000,0.0013,0.0000,0.0667,0.0000,0.0039,0.9294
BRCA2,78,6582,6667,2,0.8682,0.0814,0.0504,0.0388,0.0416,0.0000,0.0504,0.0349,0.0000,0.8682
BRCA2,79,6668,6752,2,0.9725,0.0000,0.0275,0.0000,0.0080,0.0000,0.0275,0.0000,0.0000,0.9725
BRCA2,80,6753,6838,2,0.9098,0.0196,0.0706,0.0157,0.0161,0.0941,0.0706,0.0157,0.0000,0.9098
BRCA2,81,6839,6923,5,0.7829,0.1357,0.0814,0.0620,0.0665,0.1628,0.0814,0.0426,0.0116,0.7791
BRCA2,82,6924,7008,5,0.9294,0.0353,0.0353,0.0353,0.0312,0.4118,0.0314,0.0353,0.0157,0.9255
BRCA2,83,7009,7094,2,0.9380,0.0155,0.0465,0.0155,0.0167,0.1047,0.0465,0.0155,0.0039,0.9380
BRCA2,84,7095,7179,2,0.9098,0.0235,0.0667,0.0118,0.0071,0.0000,0.0667,0.0118,0.0000,0.9098
BRCA2,85,7180,7265,2,0.9419,0.0155,0.0426,0.0116,0.0114,0.0000,0.0426,0.0116,0.0116,0.9380
BRCA2,86,7266,7350,2,0.9529,0.0078,0.0392,0.0000,0.0037,0.0000,0.0392,0.0000,0.0000,0.9490
BRCA2,87,7351,7436,5,0.9109,0.0465,0.0426,0.0349,0.0291,0.1512,0.0426,0.0349,0.0039,0.9070
BRCA2,88,7437,7521,4,0.0863,0.8667,0.0471,0.1451,0.0949,0.1059,0.0471,0.1333,0.0510,0.0275
BRCA2,89,7522,7607,4,0.0620,0.9070,0.0310,0.0116,0.0370,0.0233,0.0310,0.0116,0.0426,0.0000
BRCA2,90,7608,7692,4,0.0431,0.9059,0.0510,0.0627,0.0742,0.2353,0.0510,0.0471,0.0078,0.0000
BRCA2,91,7693,7778,4,0.0155,0.9186,0.0659,0.1240,0.1021,0.0000,0.0659,0.1163,0.0310,0.0000
BRCA2,92,7779,7863,4,0.0314,0.9137,0.0549,0.0706,0.0700,0.2588,0.0549,0.0667,0.0314,0.0000
BRCA2,93,7864,7949,4,0.0349,0.9031,0.0620,0.0271,0.0481,0.0000,0.0581,0.0271,0.0271,0.0000
BRCA2,94,7950,8034,4,0.0588,0.8510,0.0902,0.0549,0.0455,0.2588,0.0588,0.0431,0.0471,0.0000
BRCA2,95,8035,8120,4,0.0388,0.9341,0.0271,0.0039,0.0041,0.0000,0.0271,0.0039,0.0310,0.0000
BRCA2,96,8121,8205,4,0.0392,0.9098,0.0510,0.0039,0.0084,0.0000,0.0431,0.0039,0.0196,0.0000
BRCA2,97,8206,8291,4,0.0504,0.9109,0.0388,0.0039,0.0063,0.0000,0.0388,0.0039,0.0271,0.0000
BRCA2,98,8292,8376,4,0.0588,0.8941,0.0471,0.0392,0.0427,0.2588,0.0471,0.0353,0.0471,0.0000
BRCA2,99,8377,8462,4,0.0581,0.9070,0.0349,0.0775,0.0740,0.0000,0.0349,0.0698,0.0426,0.0000
BRCA2,100,8463,8547,4,0.0392,0.8627,0.0980,0.0314,0.0390,0.2588,0.0902,0.0275,0.0275,0.0000
BRCA2,101,8548,8632,4,0.0431,0.8824,0.0745,0.0235,0.0218,0.1412,0.0745,0.0196,0.0235,0.0000
BRCA2,102,8633,8718,4,0.0349,0.9031,0.0620,0.0271,0.0148,0.1163,0.0620,0.0271,0.0233,0.0000
BRCA2,103,8719,8803,4,0.0275,0.9176,0.0549,0.0745,0.0633,0.2588,0.0549,0.0627,0.0196,0.0000
BRCA2,104,8804,8889,4,0.0388,0.8876,0.0736,0.0039,0.0099,0.0000,0.0736,0.0039,0.0039,0.0000
BRCA2,105,8890,8974,4,0.0353,0.9020,0.0627,0.0392,0.0323,0.2588,0.0627,0.0353,0.0314,0.0000
BRCA2,106,8975,9060,4,0.0310,0.8682,0.1008,0.3140,0.1659,0.0000,0.0969,0.2713,0.0116,0.0000
BRCA2,107,9061,9145,4,0.0078,0.9216,0.0706,0.2902,0.1367,0.2588,0.0667,0.2627,0.0157,0.0000
BRCA2,108,9146,9231,4,0.0543,0.9031,0.0426,0.0039,0.0188,0.0000,0.0426,0.0039,0.0310,0.0000
BRCA2,109,9232,9316,4,0.0431,0.8863,0.0706,0.0078,0.0065,0.2588,0.0627,0.0039,0.0275,0.0000
BRCA2,110,9317,9402,4,0.0426,0.9031,0.0543,0.0000,0.0016,0.0000,0.0504,0.0000,0.0310,0.0000
BRCA2,111,9403,9487,4,0.0314,0.9333,0.0353,0.0039,0.0016,0.0000,0.0353,0.0039,0.0039,0.0000
BRCA2,112,9488,9573,1,0.1938,0.7752,0.0310,0.0271,0.0193,0.2558,0.0310,0.0233,0.0194,0.1744
BRCA2,113,9574,9658,5,0.9294,0.0353,0.0353,0.0157,0.0149,0.2588,0.0353,0.0157,0.0000,0.9294
BRCA2,114,9659,9744,2,0.5659,0.3682,0.0659,0.1744,0.1357,0.0000,0.0659,0.1589,0.0000,0.5620
BRCA2,115,9745,9829,2,0.9294,0.0000,0.0706,0.0000,0.0107,0.0000,0.0706,0.0000,0.0118,0.9294
BRCA2,116,9830,9915,2,0.9496,0.0233,0.0271,0.0194,0.0191,0.0000,0.0271,0.0194,0.0233,0.9496
BRCA2,117,9916,10000,2,0.9529,0.0353,0.0118,0.0000,0.0017,0.0000,0.0157,0.0000,0.0078,0.9490
BRCA2,118,10001,10086,2,0.8333,0.1667,0.0000,0.0698,0.0573,0.0000,0.0000,0.0659,0.0039,0.8333
BRCA2,119,10087,10171,2,0.9333,0.0667,0.0000,0.0078,0.0155,0.0000,0.0000,0.0078,0.0078,0.9333
BRCA2,120,10172,10257,2,0.9294,0.0706,0.0000,0.0000,0.0020,0.1294,0.0000,0.0000,0.0000,0.9255
