Run	Varianta v tutorialu / podkladu	Vstup použitý pro ARIANE	Tutorial / ENIGMA třída	Tutorial / ENIGMA kritéria	ARIANE třída	ARIANE body	ARIANE kritéria	Klasifikace v XLS	ClinVar v podkladovém XLS	Shoda ARIANE s tutorialem	Upozornění ARIANE	Hodnocení
run14	BRCA1 NM_007294.4:c.509G>A p.(Arg170Gln)	BRCA1 c.509G>A p.(Arg170Gln)	1	BS1 Supporting; BS3 Strong; BP1 Strong	1	-13	BS1 Supporting (-1); BS3 Strong (-4); BP5 Strong (-4); BP1 Strong (-4)	1	konflikt: 4× VUS, 6× LB	ANO	SpliceAI snapshot 0,020 se liší od Table 9 0,050; automatická kritéria používají Table 9.	Třída odpovídá tutorialu. Aktuální ENIGMA track vydává combined LR 0,03947, tedy BP5 Strong; ARIANE jej používá jako jeden celek.
run14	BRCA1 NM_007294.4:c.1534C>T p.(Leu512Phe)	BRCA1 c.1534C>T p.(Leu512Phe)	1	BS1 Supporting; BS3 Strong; BP1 Strong; BP5 Strong	1	-20	BS1 Strong (-4); BS3 Strong (-4); BP5 Very Strong (-8); BP1 Strong (-4)	1	1	ANO		Třída odpovídá. ARIANE používá silnější BS1 a BP5 než tutorial.
run14	BRCA1 NM_007294.4:c.3668_3671dup p.(Cys1225fs)	BRCA1 c.3668_3671dup p.(Cys1225fs)	5	PVS1 Very Strong; PM2 Supporting; PM5-PTC Strong	5	12	PVS1 Very Strong (+8); PM5-PTC Strong (+4)	5	5	ANO	PM2 se podle současné implementace ENIGMA nepoužívá pro malé indely do 50 bp.	Třída odpovídá. ARIANE přijímá zkrácený tutorialový vstup a ve výsledku používá p.(Cys1225SerfsTer10).
run14	BRCA2 NM_000059.4:c.9097del p.(Thr3033fs)	BRCA2 c.9097del p.(Thr3033fs)	5	PVS1 Very Strong; PM2 Supporting; PM5-PTC Strong	5	12	PVS1 Very Strong (+8); PM5-PTC Strong (+4)	5	5	ANO		Třída odpovídá. ARIANE přijímá zkrácený vstup, vrací p.(Thr3033LeufsTer29) a nepřidává historické PM2 pro malý indel.
run15	BRCA1 NM_007294.4:c.5551_5552insT p.(Asp1851ValfsTer29)	BRCA1 c.5551_5552insT p.(Asp1851ValfsTer29)	3	PVS1 Very Strong	5	12	PVS1 Very Strong (+8); PM5-PTC Strong (+4)	4	4	NE	PM2 se podle současné implementace ENIGMA nepoužívá pro malé indely do 50 bp.	Historický tutorial PM5 nepoužil podle polohy předpokládaného stop kodonu. ARIANE podle Appendix D v1.2 vybírá PVS1 a PM5 ze stejného řádku Table 4 pro exon nukleotidové změny.
run15	BRCA2 NM_000059.4:c.(793+1_794-1)_(1909+1_1910-1)del p.? (delece exonu 10)	BRCA2 c.(793+1_794-1)_(1909+1_1910-1)del p.(?)	3	PM2 Supporting; BS3 Moderate; PVS1 N/A	3	1	PM2 Supporting (+1); PVS1 N/A zobrazeno jako vyloučené	3	NA	NE	Table 4 označuje deleci BRCA2 E10 jako PVS1 N/A. Obecná Appendix G větev potvrzuje nepřítomnost delece celého exonu v gnomAD-SV v2.1. Varianta nemá aplikovatelné doporučení v ENIGMA Table 9.	Třída se shoduje. Tutorialové BS3 Moderate není automatizováno, protože formální ENIGMA v1.2 zdroje neurčují variantově specifickou sílu.
run15	BRCA2 NM_000059.4:c.6147_6149del p.(Val2050del)	BRCA2 c.6147_6149del p.(Val2050del)	2	BP1 Strong	2	-5	BS1 Supporting (-1); BP1 Strong (-4)	2	3	ANO	BayesDel_noAF není dostupný.	Třída odpovídá tutorialu a XLS. ARIANE má proti tutorialu navíc BS1 Supporting.
run13	BRCA1 NM_007294.4:c.3891_3893del p.(Ser1298del)	BRCA1 c.3891_3893del p.(Ser1298del)	1	BS3 Strong; BP1 Strong; BP5 Supporting	1	-12	BS3 Strong (-4); BP5 Strong (-4); BP1 Strong (-4)	3	3	ANO	SpliceAI snapshot 0,150 se liší od Table 9 0,000; používá se Table 9. Table 9 uvádí bez aberace, PMID 18273839. BayesDel_noAF není dostupný.	Třída odpovídá tutorialu. Combined LR zahrnuje Parsons 2019, Caputo 2021 a Zanti 2025 a vychází 0,0289608, tedy BP5 Strong.
run13	BRCA1 NM_007294.4:c.4185G>A p.(Gln1395=)	BRCA1 c.4185G>A p.(Gln1395=)	5	PVS1 RNA Strong; PM2 Supporting; PP4 Very Strong	4	6	PP3 Supporting (+1); PM2 Supporting (+1); PP4 Strong (+4)	5	5	NE	Nekvantifikovaný ST2 RNA záznam vyžaduje konsenzuální kurátorskou revizi a automaticky nepřidává PVS1 RNA.	Tutorial používá Parsons 2019: segregation 39,31669 × pathology 13,9129 = LR 547,009, tedy PP4 Very Strong. Současný ENIGMA track přidává Li 2020 LR 0,59996, takže combined LR klesne na 328,184 a PP4 Strong. ST2 předvyplní manuální PVS1 RNA revizi, ale sílu neurčuje. Do jejího přijetí zůstává použité PP3 z predikce.
run13	BRCA1 NM_007294.4:c.628C>T p.(Gln210Ter)	BRCA1 c.628C>T p.(Gln210Ter)	3	PM2 Supporting; PVS1 N/A	3	1	PM2 Supporting (+1)	3	3	ANO	Table 4: PTC v BRCA1 E9(10) je PVS1 N/A.	Úplná shoda třídy a aplikovatelné evidence.
run13	BRCA2 NM_000059.4:c.8953+2T>C p.(?)	BRCA2 c.8953+2T>C p.(?)	3	PM2 Supporting; PVS1 N/A	3	1	PM2 Supporting (+1)	3	4	ANO	Table 4: PVS1 N/A kvůli funkčnímu GC splice site, shodě s konsenzem a SpliceAI pod 0,8.	ARIANE a klasifikace v XLS odpovídají tutorialu; ClinVar v podkladovém XLS uvádí 4.
clinvar	BRCA1 NM_007294.4:c.3247A>C p.(Met1083Leu)	BRCA1 c.3247A>C p.(Met1083Leu)	neuvedeno	neuvedeno	2	-2	PP4 Moderate (+2); BP1 Strong (-4)	2	7× VUS, 1× LB	NELZE OVĚŘIT		Varianta není v tutorialových přepisech. ARIANE odpovídá klasifikaci v XLS.
extra	BRCA1 c.5217T>A p.(Asp1739Glu)	BRCA1 c.5217T>A p.(Asp1739Glu)	neuvedeno	neuvedeno	4	6	PM2 Supporting (+1); PS3 Strong (+4); PP3 Supporting (+1)	4	neuvedeno	NELZE OVĚŘIT	Pozice 1739 v BRCT doméně má známou patogenní variantu Asp1739Val.	Varianta není v tutorialových přepisech. ARIANE odpovídá klasifikaci v XLS.
